name,title,company,email,industry,employees,location
Priya Raman,Founder & CEO,Northwind HVAC,priya@northwindhvac.com,HVAC,45,Austin TX
Priya Raman,CEO,Northwind HVAC Inc,priya@northwindhvac.com,HVAC,45,Austin TX
Mark Elliot,Owner,Elliot Plumbing,mark@elliotplumbing.com,Plumbing,22,Denver CO
Dana Kim,VP Operations,BrightPath Logistics,dana.kim@brightpathlog.com,Logistics,120,Dallas TX
Sam Ortiz,Marketing Intern,BrightPath Logistics,sam@brightpathlog.com,Logistics,120,Dallas TX
Lena Fischer,Managing Partner,Fischer Dental Group,lena@fischerdental.com,Healthcare,60,Boston MA
Tom Baker,Director of Sales,MegaCorp Global,tom.baker@megacorp.com,Software,12000,New York NY
Ravi Patel,Owner,Patel Auto Care,ravipatel@gmail.com,Automotive,15,Houston TX
Jo Chen,CFO,Harbor Packaging,jo@harborpackaging,Manufacturing,85,Seattle WA
Ann Lee,Head of Growth,TempCo,ann@mailinator.com,Software,8,Remote
Carlos Vega,President,Vega Landscaping,carlos@vegalandscaping.com,Landscaping,35,Phoenix AZ
Carlos Vega,President,Vega Landscaping,CARLOS@vegalandscaping.com,Landscaping,35,Phoenix AZ
Meg Dunn,Office Manager,Summit Roofing,meg@summitroofing.com,Roofing,40,Denver CO
Olu Adeyemi,Principal,Adeyemi Accounting,olu@adeyemiacct.com,Accounting,18,Chicago IL
Alex Morgan,Founder,Basecamp,alex@basecamp.com,Software,60,Chicago IL
